http://jobs.sequoiacap.com/*  https://www.sequoiacap.com/jobs 301!
https://jobs.sequoiacap.com/*  https://www.sequoiacap.com/jobs 301!
/grove/ /build/
/us/resume/ /resume/
/article/us-hc-referral-rates/ /article/3x-referral-rates/
/grove/posts/6bzx-writing-a-business-plan /article/writing-a-business-plan/
/grove/posts/6bzx/writing-a-business-plan/	/article/writing-a-business-plan/
/grove/posts/bzxr/how-to-present-to-investors/	/article/how-to-present-to-investors/
/grove/posts/bzxr-how-to-present-to-investors 	/article/how-to-present-to-investors/
/grove/posts/yal6/elements-of-enduring-companies/	/article/elements-of-enduring-companies/
/grove/posts/yal6-elements-of-enduring-companies /article/elements-of-enduring-companies/
/grove/posts/afed-pricing-your-product /article/pricing-your-product
/grove/posts/afed/pricing-your-product /article/pricing-your-product
/grove/posts/him8/lessons-from-startup-success-and-failure/	/article/lessons-startup-success-failure/
/grove/posts/gw9u/start-first-plan-later/	/article/start-first-plan-later/
/grove/posts/p5ae/preparing-a-board-deck/	/article/preparing-a-board-deck/
/grove/posts/quuj/getting-to-no-the-key-to-startup-selling/	/article/getting-to-no-key-to-startup-selling/
/grove/posts/xeru/building-an-enterprise-sales-team/	/article/building-enterprise-sales-team/
/grove/posts/ezem/visualizing-the-customer-experience/	/article/visualizing-customer-experience/
/grove/posts/ezem/why-we-visualize-the-customer-experience/ /article/visualizing-customer-experience/
/grove/posts/yrpg/the-rule-of-3-and-10/	/article/the-rule-of-3-and-10/
/grove/posts/6bja/recruit-engineers-in-less-time/	/article/recruit-engineers-in-less-time/
/grove/posts/6bja/recruit-more-engineers-in-less-time /article/recruit-engineers-in-less-time/
/grove/posts/jgyz/why-i-never-gave-up-on-my-startup/	/article/why-i-never-gave-up-on-my-startup/
/grove/posts/eaqj/what-are-your-hiring-criteria/	/article/what-are-your-hiring-criteria/
/grove/posts/pjan/getting-the-right-founding-team/	/article/getting-right-founding-team/
/grove/posts/akzj/trial-week-our-hiring-secret/	/article/trial-week-our-hiring-secret/
/grove/posts/wgvy/switching-from-survival-to-thrival/	/article/switching-from-survival-thrival/
/grove/posts/kaeh/the-value-of-bootstrapping/	/article/value-bootstrapping/
/grove/posts/2yfg/structuring-a-company-for-creativity/	/article/structuring-company-creativity/
/grove/posts/capp/how-to-attack-big-incumbents-and-win/	/article/how-to-attack-big-incumbents-and-win/
/grove/posts/avxw/why-startups-should-use-signing-bonuses/	/article/why-startups-should-use-signing-bonuses/
/grove/posts/yfu7/five-tips-for-technical-co-founders/	/article/five-tips-for technical-co-founders/
/grove/posts/de8n/choosing-a-sales-model/	/article/choosing-a-sales-model/
/grove/posts/4e9r/focus-on-your-value-proposition/	/article/focus-on-your-value-proposition/
/grove/posts/bcsb/why-price-matters/	/article/why-price-matters/
/grove/posts/xqi9/the-new-enterprise-sales-rep/	/article/new-enterprise-sales-rep/
/grove/posts/b7gf/winning-your-first-customer/	/article/winning-your-first-customer/
/grove/posts/mvyk/how-i-make-decisions/	/article/how-i-make-decisions/
/grove/posts/w84j/demo-demo-demo/	/article/demo-demo-demo/
/grove/posts/qtaa/disrupting-yourself/	/article/disrupting-yourself/
/grove/posts/k5yr/why-engagement-trumps-growth/	/article/why-engagement-trumps-growth/
/grove/posts/e2qj/when-to-be-strategic-and-when-to-just-execute/	/article/when-strategic-when-execute/
/grove/posts/mweg/how-to-not-sell-your-company/	/article/how-not-sell-your-company/
/grove/posts/bzgw/radical-transparency/	/article/radical-transparency/
/grove/posts/xpvh/scaling-your-team/	/article/scaling-your-team/
/grove/posts/wrph/make-non-obvious-hires/	/article/make-non-obvious-hires/
/grove/posts/ki2k/if-you-need-an-ea-it-s-already-too-late/	/article/if-you-need-an-ea-its-already-too-late/
/grove/posts/4w4a/enforcing-your-top-priorities/	/article/enforcing-your-top-priorities/
/grove/posts/53h5/hiring-outside-the-valley/	/article/hiring-outside-the-valley/
/grove/posts/yu7d/more-productive-eng-teams/	/article/more-productive-eng-teams/
/grove/posts/8jha/the-templeton-compression/	/article/srp/
/us/about /people/ethos/
/us/team/venture/ /people/
/us/venture/ /people/
/us/team/growth/ /people/growth/
/us/growth/ /people/growth/
/us/internet/ /companies/
/us/technology/ /companies/
/ideas/ /build/
/grove/posts/mfq9-introducing-grove /build/
/grove/posts/ycma/managing-growing-pains /build/
/us/jim-goetz/* /people/jim-goetz/
/us/roelof-botha/* /people/roelof-botha/
/us/michael-abramson/* /people/michael-abramson/
/us/roelof-botha/* /people/roelof-botha/
/us/bill-coughran/* /people/bill-coughran/
/us/michael-dixon/* /people/michael-dixon/
/us/joe-dobrenski/* /people/joe-dobrenski/
/us/jim-goetz/* /people/jim-goetz/
/us/michael-goguen/* /people/michael-goguen/
/us/pat-grady/* /people/pat-grady/
/us/omar-hamoui/* /people/omar-hamoui/
/us/aaref-hilaly/* /people/aaref-hilaly/
/us/matt-huang/* /people/matt-huang/
/us/marie-klemchuk/* /people/marie-klemchuk/
/us/douglas-leone/* /people/douglas-leone/
/us/alfred-lin/* /people/alfred-lin/
/us/matthew-miller/* /people/matthew-miller/
/us/michael-moritz/* /people/michael-moritz/
/us/andrew-reed/* /people/andrew-reed/
/us/bryan-schreier/* /people/bryan-schreier/
/us/donald-valentine/* /people/donald-valentine/
/us/stephanie-zhan/* /people/stephanie-zhan/
/us/seth-bindernagel/* /people/seth-bindernagel/
/us/jaime-bott/* /people/jaime-bott/
/us/diane-briones/* /people/diane-briones/
/us/james-buckhouse/* /people/james-buckhouse/
/us/joe-dobrenski/* /people/joe-dobrenski/
/us/melinda-dunn/* /people/melinda-dunn/
/us/chad-dyer/* /people/chad-dyer/
/us/stacey-gerber/* /people/stacey-gerber/
/us/andrew-kovacs/* /people/andrew-kovacs/
/us/kym-lee/* /people/kym-lee/
/us/jeff-pashalides/* /people/jeff-pashalides/
/us/bret-reckard/* /people/bret-reckard/
/us/segolene-scarborough/* /people/segolene-scarborough/
/us/blair-shane/* /people/blair-shane/
/india/ashish-agrawal/* /india/people/ashish-agrawal/
/india/abheek-anand/* /india/people/abheek-anand/
/india/nikhil-balaraman/* /india/people/nikhil-balaraman/
/india/vt-bharadwaj/* /india/people/vt-bharadwaj/
/india/rohit-bhat/* /india/people/rohit-bhat/
/india/mohit-bhatnagar/* /india/people/mohit-bhatnagar/
/india/sakshi-chopra/* /india/people/sakshi-chopra/
/india/sandeep-kapoor/* /india/people/sandeep-kapoor/
/india/pieter-kemps/* /india/people/pieter-kemps/
/india/shailesh-lakhani/* /india/people/shailesh-lakhani/
/india/gautam-mago/* /india/people/gautam-mago/
/india/nipun-mehra/* /india/people/nipun-mehra/
/india/anirudh-mullick/* /india/people/anirudh-mullick/
/india/rahul-narayan/* /india/people/rahul-narayan/
/india/abhay-pandey/* /india/people/abhay-pandey/
/india/gv-ravishankar/* /india/people/gv-ravishankar/
/india/anjana-sasidharan/* /india/people/anjana-sasidharan/
/india/harshjit-sethi/* /india/people/harshjit-sethi/
/india/yinglan-tan/* /india/people/yinglan-tan/
/india/shailendra-singh/* /india/people/shailendra-singh/
/israel/shmuel-levy/* /israel/people/shmil-levy/
/israel/shmil-levy/* /israel/people/shmil-levy/
/israel/tal-morgenstern/* /israel/people/tal-morgenstern/
/israel/gili-raanan/* /israel/people/gili-raanan/
/israel/haim-sadger/* /israel/people/haim-sadger/
/israel/yoav-shaked/* /israel/people/yoav-shaked/
/m/israel/shmuel-levy/* /israel/people/shmuel-levy/
/m/israel/tal-morgenstern/* /israel/people/tal-morgenstern/
/m/israel/gili-raanan/* /israel/people/gili-raanan/
/m/israel/haim-sadger/* /israel/people/haim-sadger/
/m/israel/yoav-shaked/* /israel/people/yoav-shaked/
/india/adnear/* /india/companies/adnear/
/india/appier/* /india/companies/appier/
/india/aricent/* /india/companies/aricent/
/india/asg-hospital/* /india/companies/asg-hospital/
/india/bank-bazaar/* /india/companies/bank-bazaar/
/india/cafe-coffee-day/* /india/companies/cafe-coffee-day/
/india/capillary/* /india/companies/capillary/
/india/capital-float/* /india/companies/capital-float/
/india/cardekho/* /india/companies/cardekho/
/india/carousell/* /india/companies/carousell/
/india/celon-labs/* /india/companies/celon-labs/
/india/citrus-payment/* /india/companies/citrus-payment/
/india/cloud-nine/* /india/companies/cloud-nine/
/india/coastal-projects/* /india/companies/coastal-projects/
/india/comviva/* /india/companies/comviva/
/india/druva/* /india/companies/druva/
/india/eclerx/* /india/companies/eclerx/
/india/edusys/* /india/companies/edusys/
/india/equitas/* /india/companies/equitas/
/india/faaso's/* /india/companies/faaso's/
/india/fashionandyou/* /india/companies/fashionandyou/
/india/fintellix/* /india/companies/fintellix/
/india/freecharge/* /india/companies/freecharge/
/india/freecultr/* /india/companies/freecultr/
/india/genesis-colors/* /india/companies/genesis-colors/
/india/globallogic/* /india/companies/global-logic/
/india/glocal/* /india/companies/glocal/
/india/grabhouse/* /india/companies/grabhouse/
/india/grofers/* /india/companies/grofers/
/india/gvk-biosciences/* /india/companies/gvk-biosciences/
/india/healthkart/* /india/companies/healthkart/
/india/hector-beverages/* /india/companies/hector-beverages/
/india/helpchat/* /india/companies/helpchat/
/india/homelane/* /india/companies/homelane/
/india/idea-cellular/* /india/companies/idea-cellular/
/india/idea-device/* /india/companies/idea-device/
/india/ideacts-innovations/* /india/companies/ideacts-innovations/
/india/imimobile/* /india/companies/imimobile/
/india/ind-barath/* /india/companies/ind-barath/
/india/india-shelter-finance/* /india/companies/india-shelter-finance/
/india/iyogi/* /india/companies/iyogi/
/india/justdial/* /india/companies/justdial/
/india/k12-techno-services/* /india/companies/k12-techno-services/
/india/kmc-construction/* /india/companies/kmc-construction/
/india/knowlarity/* /india/companies/knowlarity/
/india/lovable/* /india/companies/lovable/
/india/micromax/* /india/companies/micromax/
/india/mobikwik/* /india/companies/mobikwik/
/india/moolchand/* /india/companies/moolchand/
/india/moonfrog/* /india/companies/moonfrog/
/india/mu-sigma/* /india/companies/mu-sigma/
/india/newshunt/* /india/companies/newshunt/
/india/octro/* /india/companies/octro/
/india/ola-cabs/* /india/companies/ola-cabs/
/india/oneassist/* /india/companies/oneassist/
/india/paras/* /india/companies/paras/
/india/peppertap/* /india/companies/peppertap/
/india/pine-labs/* /india/companies/pine-labs/
/india/practo/* /india/companies/practo/
/india/prataap-snacks/* /india/companies/prataap-snacks/
/india/prizm/* /india/companies/prizm/
/india/quick-heal/* /india/companies/quick-heal/
/india/sai-life-sciences/* /india/companies/sai-life-sciences/
/india/scio-health-analytics/* /india/companies/scio-health-analytics/
/india/sirion-labs/* /india/companies/sirion-labs/
/india/sks-microfinance/* /india/companies/sks-microfinance/
/india/sourcebits/* /india/companies/sourcebits/
/india/star-health/* /india/companies/star-health/
/india/stovekraft/* /india/companies/stovekraft/
/india/suburban-diagnostics/* /india/companies/suburban-diagnostics/
/india/tokopedia/* /india/companies/tokopedia/
/india/truecaller/* /india/companies/truecaller/
/israel/acousticeye/* /israel/companies/acousticeye/
/israel/actona/* /israel/companies/actona/
/israel/adallom/* /israel/companies/adallom/
/israel/alooma/* /israel/companies/alooma/
/israel/amobee/* /israel/companies/amobee/
/israel/attenti/* /israel/companies/attenti/
/israel/behalf/* /israel/companies/behalf/
/israel/bigpanda/* /israel/companies/bigpanda/
/israel/bitband/* /israel/companies/bitband/
/israel/c-b4/* /israel/companies/c-b4/
/israel/collactive/* /israel/companies/
/israel/cotendo/* /israel/companies/cotendo/
/israel/densbits/* /israel/companies/densbits/
/israel/endospan/* /israel/companies/endospan/
/israel/followap/* /israel/companies/followap/
/israel/forter/* /israel/companies/forter/
/israel/indeni/* /israel/companies/indeni/
/israel/innovid/* /israel/companies/innovid/
/israel/jajah/* /israel/companies/jajah/
/israel/kaminario/* /israel/companies/kaminario/
/israel/kenshoo/* /israel/companies/kenshoo/
/israel/mintigo/* /israel/companies/mintigo/
/israel/moovit/* /israel/companies/moovit/
/israel/olive-software/* /israel/companies/olive-software/
/us/24-7/* /companies/24-7/
/us/3com/* /companies/3com/
/us/6wunderkinder/* /companies/6wunderkinder/
/us/a123-systems/* /companies/a123-systems/
/us/abaxis/* /companies/abaxis/
/us/abrizio/* /companies/abrizio/
/us/achates-power/* /companies/achates-power/
/us/achievers/* /companies/achievers/
/us/acton/* /companies/acton/
/us/acuson/* /companies/acuson/
/us/admob/* /companies/admob/
/us/agile/* /companies/agile/
/us/agilone/* /companies/agilone/
/us/airbnb/* /companies/airbnb/
/us/airstrip/* /companies/airstrip/
/us/alantec/* /companies/alantec/
/us/alpha-omega/* /companies/alpha-omega/
/us/altiscale/* /companies/altiscale/
/us/altos/* /companies/altos/
/us/amcc/* /companies/amcc/
/us/ameritox/* /companies/ameritox/
/us/amylin/* /companies/amylin/
/us/app-annie/* /companies/app-annie/
/us/appirio/* /companies/appirio/
/us/apple/* /companies/apple/
/us/arbor/hyperion/* /companies/arbor/hyperion/
/us/ardent/* /companies/ardent/
/us/aruba/* /companies/aruba/
/us/aspect-development/* /companies/aspect-development/
/us/assured-access/* /companies/assured-access/
/us/assurex-health/* /companies/assurex-health/
/us/aster-data/* /companies/aster-data/
/us/atari/* /companies/atari/
/us/atom-entertainment/* /companies/atom-entertainment/
/us/atweb/* /companies/atweb/
/us/auspex/* /companies/auspex/
/us/avalanche/* /companies/avalanche/
/us/avanex/* /companies/avanex/
/us/barefoot-networks/* /companies/barefoot-networks/
/us/barracuda-networks/* /companies/barracuda-networks/
/us/beceem/* /companies/beceem/
/us/billpoint/* /companies/billpoint/
/us/biosym/* /companies/biosym/
/us/biotrack/* /companies/biotrack/
/us/birst/* /companies/birst/
/us/bit9/* /companies/bit9/
/us/blue-coat/* /companies/blue-coat/
/us/blue-danube-systems/* /companies/blue-danube-systems/
/us/bubbly/* /companies/bubbly/
/us/c-cube/* /companies/c-cube/
/us/c12-energy/* /companies/c12-energy/
/us/cafepress/* /companies/cafepress/
/us/carbon3d/* /companies/carbon3d/
/us/cast-iron-systems/* /companies/cast-iron-systems/
/us/centerrun/* /companies/centerrun-software/
/us/centillion/* /companies/centillion/
/us/chartboost/* /companies/chartboost/
/us/cipher-data/* /companies/cipher-data/
/us/cisco/* /companies/cisco/
/us/clari/* /companies/clari/
/us/clearwell-systems/* /companies/clearwell-systems/
/us/clever/* /companies/clever/
/us/click-security/* /companies/click-security/
/us/clickatell/* /companies/clickatell/
/us/clustrix,-inc./* /companies/clustrix,-inc./
/us/cohesity/* /companies/cohesity/
/us/comprehend/* /companies/comprehend/
/us/crescendo/* /companies/crescendo/
/us/cue/* /companies/cue/
/us/cumulus-networks/* /companies/cumulus-networks/
/us/cv-therapeutics/* /companies/cv-therapeutics/
/us/cypress/* /companies/cypress/
/us/decolar/* /companies/decolar/
/us/docker/* /companies/docker/
/us/documentum/* /companies/documentum/
/us/doordash/* /companies/doordash/
/us/drawbridge/* /companies/drawbridge/
/us/dropbox/* /companies/dropbox/
/us/duck-duck-moose/* /companies/duck-duck-moose/
/us/e-loan/* /companies/e-loan/
/us/earth-networks/* /companies/earth-networks/
/us/ecardio/* /companies/ecardio/
/us/egroups/* /companies/egroups/
/us/eharmony/* /companies/eharmony/
/us/electronic-arts/* /companies/electronic-arts/
/us/elevate/* /companies/elevate/
/us/elevate-credit/* /companies/elevate-credit/
/us/emeter/* /companies/emeter/
/us/endochoice/* /companies/endochoice/
/us/eventbrite/* /companies/eventbrite/
/us/evernote/* /companies/evernote/
/us/fireeye/* /companies/fireeye/
/us/first-republic-bank/* /companies/first-republic-bank/
/us/flextronics/* /companies/flextronics/
/us/flipagram/* /companies/flipagram/
/us/flite/* /companies/flite/
/us/funny-or-die/* /companies/funny-or-die/
/us/futureadvisor/* /companies/futureadvisor/
/us/gamefly/* /companies/gamefly/
/us/geoapi/* /companies/geoapi/
/us/github/* /companies/github/
/us/good-eggs/* /companies/good-eggs/
/us/google/* /companies/google/
/us/gracenote/* /companies/gracenote/
/us/green-dot/* /companies/green-dot/
/us/guardant-health/* /companies/guardant-health/
/us/guardent/* /companies/guardent/
/us/hayneedle/* /companies/hayneedle/
/us/health-catalyst/* /companies/health-catalyst/
/us/healthcentral/* /companies/healthcentral/
/us/hearsay-social/* /companies/hearsay-social/
/us/hirevue/* /companies/hirevue/
/us/houzz/* /companies/houzz/
/us/hubspot/* /companies/hubspot/
/us/humble-bundle/* /companies/humble-bundle/
/us/ikanos/* /companies/ikanos/
/us/infinity-financial/* /companies/infinity-financial/
/us/infoblox/* /companies/infoblox/
/us/informix/* /companies/informix/
/us/inkling/* /companies/inkling/
/us/ins/* /companies/ins/
/us/inside.com/* /companies/inside.com/
/us/instacart/* /companies/instacart/
/us/instagram/* /companies/instagram/
/us/ipg/* /companies/ipg/
/us/isilon-systems/* /companies/isilon-systems/
/us/jasper/* /companies/jasper/
/us/jawbone/* /companies/jawbone/
/us/jive/* /companies/jive/
/us/kahuna/* /companies/kahuna/
/us/karma/* /companies/karma/
/us/kayak/* /companies/kayak/
/us/keen-io/* /companies/keen-io/
/us/kiwi/* /companies/kiwi/
/us/klarna/* /companies/klarna/
/us/lattice-engines/* /companies/lattice-engines/
/us/lifecode/* /companies/lifecode/
/us/lifx/* /companies/lifx/
/us/linear-technology/* /companies/linear-technology/
/us/link-exchange/* /companies/link-exchange/
/us/linkedin/* /companies/linkedin/
/us/litepoint/* /companies/litepoint/
/us/loglogic/* /companies/loglogic/
/us/loopt/* /companies/loopt/
/us/lsi-logic/* /companies/lsi-logic/
/us/luminate/* /companies/luminate/
/us/luxim-corporation/* /companies/luxim-corporation/
/us/marketlive/* /companies/marketlive/
/us/marklogic/* /companies/marklogic/
/us/maxcomm/* /companies/maxcomm/
/us/medallia/* /companies/medallia/
/us/medexpress/* /companies/medexpress/
/us/medicode/* /companies/medicode/
/us/meebo/* /companies/meebo/
/us/mellanox/* /companies/mellanox/
/us/meraki/* /companies/meraki/
/us/merlin-securities/* /companies/merlin-securities/
/us/metanautix/* /companies/metanautix/
/us/metaswitch-networks/* /companies/metaswitch-networks/
/us/microchip-technology/* /companies/microchip-technology/
/us/microtec/* /companies/microtec/
/us/mixpanel/* /companies/mixpanel/
/us/mobileiron/* /companies/mobileiron/
/us/mobilepeak-systems/* /companies/mobilepeak-systems/
/us/mojave-networks/* /companies/mojave-networks/
/us/mongodb/* /companies/mongodb/
/us/monterey-networks/* /companies/monterey-networks/
/us/mp3.com/* /companies/mp3.com/
/us/namely/* /companies/namely/
/us/natera/* /companies/natera/
/us/navini-networks/* /companies/navini-networks/
/us/neomagic/* /companies/neomagic/
/us/netapp/* /companies/netapp/
/us/netezza/* /companies/netezza/
/us/netscaler/* /companies/netscaler/
/us/netscreen/* /companies/netscreen/
/us/nimble-storage/* /companies/nimble-storage/
/us/nimbula/* /companies/nimbula/
/us/nubank/* /companies/nubank/
/us/numerify/* /companies/numerify/
/us/nvidia/* /companies/nvidia/
/us/okta/* /companies/okta/
/us/onyx-pharmaceuticals/* /companies/onyx-pharmaceuticals/
/us/open-silicon/* /companies/open-silicon/
/us/opendns/* /companies/opendns/
/us/oracle/* /companies/oracle/
/us/orbital-insight/* /companies/orbital-insight/
/us/oxford-health-plans/* /companies/oxford-health-plans/
/us/palo-alto-networks/* /companies/palo-alto-networks/
/us/paypal/* /companies/paypal/
/us/peakstream/* /companies/peakstream/
/us/perclose/* /companies/perclose/
/us/percolate/* /companies/percolate/
/us/piazza/* /companies/piazza/
/us/picsart/* /companies/picsart/
/us/pixelworks/* /companies/pixelworks/
/us/plain-vanilla/* /companies/plain-vanilla/
/us/plangrid/* /companies/plangrid/
/us/plaxo/* /companies/
/us/plumtree-software/* /companies/plumtree-software/
/us/pmc-sierra/* /companies/pmc-sierra/
/us/pocket-gems/* /companies/pocket-gems/
/us/popsugar/* /companies/popsugar/
/us/progress-software/* /companies/progress-software/
/us/prosper/* /companies/prosper/
/us/pure-digital/* /companies/
/us/qualtrics/* /companies/qualtrics/
/us/quantenna/* /companies/quantenna/
/us/quarterdeck/* /companies/quarterdeck/
/us/quicklogic/* /companies/quicklogic/
/us/quote.com/* /companies/quote.com/
/us/r2-semiconductor/* /companies/r2-semiconductor/
/us/rackspace/* /companies/rackspace/
/us/redback-networks/* /companies/redback-networks/
/us/reddit/* /companies/reddit/
/us/relcy/* /companies/relcy/
/scportcompany.asp	/
/about/dentmakers	/people/ethos
/assets/slideshow/barracuda-networks-hero-73decfb5c8aecc68087bcc912920bdcd.jpg	/
/assets/slideshow/cotendo-hero-258ba023d29294c27886bf3efb7db2c3.jpg	/
/company/	/companies/
/company/51com/	/companies/
/company/56com/	/companies/
/company/abrizio/	/companies/
/company/achates-power/	/companies/
/company/adbrite	/companies/
/company/adbrite/	/companies/
/company/advanced-power-projects/	/companies/
/company/all-stages	/companies/
/company/apple/*	/companies/apple/
/company/aricent/*	/companies/
/company/autonavi/	/companies/
/company/brainvisa-technologies/	/companies/
/company/cafe-coffee-day/	/companies/cafe-coffee-day/
/company/cast-iron-systems/?clear=all	/companies/
/company/centerrun/	/companies/centerrun-software/
/company/cisco-systems/*	/companies/cisco/
/company/clickatell/	/companies/clickatell/
/company/collactive/	/companies/
/company/conformia/	/companies/
/company/documentum	/companies/
/company/documentum/	/companies/
/company/e-loan	/companies/
/company/e-loan/	/companies/
/company/electronic-arts	/companies/electronic-arts/
/company/electronic-arts/*	/companies/electronic-arts/
/company/flextronics	/companies/flextronics/
/company/flextronics/*	/companies/flextronics/
/company/followap	/companies/followapp/
/company/followap/*	/companies/followapp/
/company/fon-wireless/	/companies/
/company/funny-or-die	/companies/
/company/funny-or-die/	/companies/
/company/gamefly	/companies/gamefly/
/company/gamefly/*	/companies/gamefly/
/company/google/*	/companies/google/
/company/gracenote	/companies/
/company/gracenote/	/companies/
/company/green-dot/	/companies/green-dot/
/company/guruji	/companies/
/company/guruji/	/companies/
/company/indecomm-global-services/	/companies/
/company/isilon-systems	/companies/isilon-systems/
/company/isilon-systems/	/companies/isilon-systems/
/company/jajah/	/companies/jajah/
/company/jawbone-(aka-aliph)/	/companies/jawbone/
/company/jawbone-(aka-aliph)/	/companies/jawbone/
/company/linear-technology/*	/companies/linear-technology/
/company/linkedin	/companies/linkedin/
/company/linkedin/*	/companies/linkedin/
/company/loglogic/	/companies/
/company/loopt	/companies/
/company/loopt/	/companies/
/company/mark-logic	/companies/
/company/meebo	/companies/
/company/meebo/	/companies/
/company/meraki-networks	/companies/meraki/
/company/meraki-networks/*	/companies/meraki/
/company/mingleboxcom/	/companies/
/company/netapp/*	/companies/netapp/
/company/network-appliance	/companies/
/company/network-appliance/*	/companies/
/company/nvidia/*	/companies/nvidia/
/company/oracle/*	/companies/oracle/
/company/plaxo/*	/companies/
/company/pmc-sierra/*	/companies/pmc-sierra/
/company/podshow	/companies/
/company/podshow/	/companies/
/company/qumranet/	/companies/qumranet/
/company/rockyou	/companies/
/company/rockyou/	/companies/
/company/searchmecom/	/companies/
/company/seed-stage	/companies/
/company/semiconductors/	/companies/
/company/services/	/companies/
/company/sks-microfinance/	/companies/
/company/software/	/companies/
/company/stardoll/	/companies/
/company/suppliermarket/	/companies/
/company/systems/	/companies/
/company/widgetbox/	/companies/
/company/xoom/	/companies/xoom/
/company/yahoo!/*	/companies/yahoo/
/company/youtube/*	/companies/youtube/
/company/zapposcom	/companies/zappos/
/consumer	/companies/youtube/
/contact	/contact/menlo-park/
/e	/
/embeds/recruiting.html	/article/recruit-engineers-in-less-time/
/energy	/companies/
/faq.htm	/people/ethos/
/financial	/companies/
/founders/	/companies/
/grove/posts/4e9r-focus-on-your-value-proposition	/article/focus-on-your-value-proposition/
/grove/posts/4w4a-enforce-your-top-five-priorities	/article/enforcing-your-top-priorities/
/grove/posts/6bzx/writing-a-business-plan2	/article/writing-a-business-plan/
/grove/posts/avxw/use-signing-bonuses	/article/why-startups-should-use-signing-bonuses/
/grove/posts/b3pp/get-more-from-your-engineering-team	/article/more-productive-eng-teams/
/grove/posts/bcsb-why-price-matters	/article/why-price-matters/
/grove/posts/bzgw-radical-transparency-happier-teams	/article/radical-transparency/
/grove/posts/ezem/why-we-visualize-the-customer-experience//	/article/visualizing-customer-experience/
/grove/posts/him8/lessons-from-startup-success-and-failures	/article/lessons-startup-success-failure/
/grove/posts/kaeh-the-value-of-bootstrapping	/article/value-bootstrapping/
/grove/posts/kpaa/the-certainty-paradox	/build/
/grove/posts/mfq9/introducing-grove	/build/
/grove/posts/wrph-make-non-obvious-hires	/article/make-non-obvious-hires/
/grove/posts/yfu7/five-tips-for-technical-co-founders	/article/five-tips-for-technical-co-founders/
/grove/posts/zcpc/build-systems-not-process	/build/
/grove/product	/build/
/grove/product/iteration	/build/
/grove/product/product-market-fit	/build/
/grove/revenue	/build/
/grove/revenue/go-to-market	/build/
/grove/revenue/pricing	/build/
/grove/scale	/build/
/grove/scale/disrupting-yourself	/article/disrupting-yourself/
/grove/scale/managing-growth	/build/
/grove/scale/sales-marketing	/build/
/grove/scale/to-sell-or-not	/article/how-not-sell-your-company/
/grove/starting	/build/
/grove/starting/business-plan	/article/writing-a-business-plan/
/grove/starting/customer-exerience	/article/visualizing-customer-experience/
/grove/starting/founding	/article/how-to-choose-your-startup-idea/
/grove/starting/fundraising	/build/
/grove/starting/legal	/build/
/grove/team	/build/
/grove/team/board	/build/
/grove/team/CEO-development	/build/
/grove/team/culture	/build/
/grove/team/hiring	/build/
/grove/team/product-team	/build/
/growth	/people/
/healthcare	/companies/
/ideas/submitaplan.aspx	/404  410
/images/matches.jpg	/
/images/slideshow/bw/square-hero.jpg	/
/img/partner/DOUG_LEONE.jpg	/people/doug-leone
/img/partner/GREG_MCADOO.jpg	/people/
/img/partner/MICHAEL_BECKWITH.jpg	/people/
/in	/india/
/india.asp	/india/
/india/aakash-goel	/india/people/
/india/about/dentmakers	/india/people/ethos/
/india/adnear/info	/india/companies/
/india/aricent-group	/india/companies/
/india/consumer	/india/companies/
/india/contact	/india/contact/bengaluru/
/india/energy	/india/companies/
/india/financial	/india/companies/
/india/globallogic	/india/companies/global-logic/
/india/healthcare	/india/companies/
/india/kp-balaraj	/india/people/
/india/news	/india/build/
/india/news/fashion-and-you-raises-8m-from-sequoia-capital	/india/build/
/india/outsourcing	/india/companies/
/india/sumir-chadha	/india/people/
/india/team/analyst	/india/people/investment-analysts/
/india/team/investment	/india/people/investment-advisors/
/india/team/investment/mohit-bhatnagar/*	/india/people/mohit-bhatnagar/
/india/team/investment/yinglan-tan/*	/india/people/yinglan-tan/
/india/team/services	/india/people/portfolio-services/
/india/team/venture	/india/people/
/india/technology	/india/companies/
/india/venture-capital/	/india/people/
/india‎	/india/
/israel/about/dentmakers	/israel/people/ethos/
/israel/collactive	/israel/companies/
/israel/contact	/israel/contact/tel-aviv/
/israel/internet	/israel/companies/
/israel/mobile	/israel/companies/
/israel/news/sequoia-capital-backs-snaptu	/israel/build/
/israel/qumranet	/israel/companies/qumranet/
/israel/team/venture	/israel/team/
/israel/technology	/israel/companies/
/israel/technology/	/israel/companies/
/israel/venture-capital/	/israel/team/
/israel/visual-tao	/israel/companies/visual-tao/
/israel/visual-tao/*	/israel/companies/visual-tao/
/israel‎	/israel/
/m/india/about/dentmakers	/india/people/ethos/
/m/india/adnear/technology	/india/companies/
/m/india/contact	/india/contact/bengaluru/
/m/india/legal	/india/legal/
/m/india/team/analyst	/india/people/investment-analysts/
/m/india/team/investment	/india/people/
/m/india/team/services	/india/people/portfolio-services/
/m/israel	/israel/
/m/israel/about/dentmakers	/israel/people/ethos/
/m/israel/actona/technology	/israel/companies/actona/
/m/israel/contact	/israel/contact/tel-aviv/
/m/israel/indeni/technology	/israel/companies/indeni/
/m/israel/legal	/israel/legal/
/m/israel/sintecmedia/technology	/israel/companies/sintec-media/
/m/israel/team/venture	/israel/people/
/m/scge/legal
/m/scge/team/growth	/404  410
/m/scge/team/services	/404  410
/m/scge/team/venture	/404  410
/m/us/about/dentmakers	/404  410
/m/us/contact	/contact/menlo-park/
/m/us/legal	/legal/
/m/us/progress-software/financial	/companies/progress-software/
/m/us/team/growth	/people/growth/
/m/us/team/services	/people/specialists/
/m/us/team/venture	/people/
/news/a-tiny-camcorder-has-a-big-payday/	/build/
/news/bharti-telesoft-raises-$13-5m/	/build/
/news/blue-coat-completes-acquisition-of-netcache-assets-from-network-appliance	/build/
/news/blue-coat-completes-acquisition-of-netcache-assets-from-network-appliance/	/build/
/news/ecardio-receives-significant-investment-in-private-funding-from-sequo	/build/
/news/ecardio-receives-significant-investment-in-private-funding-from-sequoia-capital/	/build/
/news/google-receives-$25-million-in-equity-funding//	/build/
/news/mark-logic-secures-$15-million-in-third-round-financing/	/build/
/news/mark-logic-secures-$15-million-in-third-round-financing/	/build/
/news/meebo-raises-$25-million/	/build/
/news/meebo-raises-5-million/	/build/
/news/mevio-secures-$15-million-in-funding-to-support-rapid-growth-and-move-into-vertical-entertainment-networks/	/build/
/news/rackspace-prices-initial-public-offering/	/build/
/news/searchme-nabs-$31-million-from-google-backer,-others/	/build/
/news/sequoia-capital-leads-$11-5-million-investment-round,-making-sks-the-largest-venture-backed-microfinance-institution-in-the-world/	/build/
/news/sks-microfinance-raises-$75-million/	/build/
/news/startups-in-a-downturn/	/build/
/news/tokbox-closes-$4-million-in-funding-led-by-sequoia-capital-as-it-aims-to-make-easy-video-calling-an-instant-reality/	/build/
/news/widgetbox-closes-$8-million-in-series-b-funding	/build/
/news/widgetbox-closes-$8-million-in-series-b-funding/	/build/
/outsourcing	/companies/
/partner_matrix_china.asp	/404  410
/partner_matrix.asp	/404  410
/payer-services	/companies/
/people/benny-hanigal/	/404  410
/people/cherry-lu/	http://www.sequoiacap.cn/en/member_29.html
/people/chris-olsen/	/people/
/people/douglas-leone/	/people/doug-leone
/people/fan-zhang/	/404  410
/people/gaurav-garg/	/people/
/people/george-xu/	/404  410
/people/glen-sun/	http://www.sequoiacap.cn/en/member_36.html
/people/greg-mcadoo/	/people/
/people/hari-agrawal/	/404  410
/people/hilary-mcquaide/	/404  410
/people/kelvin-yu/	/404  410
/people/kevin-pan/	http://www.sequoiacap.cn/en/member_30.html
/people/kp-balaraj/	/404  410
/people/krishnan-iyer/	/404  410
/people/kui-zhou/	http://www.sequoiacap.cn/en/member_59.html
/people/lee-zhou/	/404  410
/people/marie-leippe/	/people/
/people/mark-dempster	/people/
/people/mark-dempster/	/people/
/people/mark-kvamme/	/people/
/people/Mark-Kvamme/	/people/
/people/mark-stevens/	/people/
/people/michael-beckwith/	/404  410
/people/michael-yao/	http://www.sequoiacap.cn/en/member_52.html
/people/naresh-malhotra/	/404  410
/people/neil-shen/	http://www.sequoiacap.cn/en/member_34.html
/people/pierre-lamond/	/people/
/people/randy-ditzler/	/404  410
/people/ravi-shankar-gv/	/people/gv-ravishankar/
/people/sameer-gandhi/	/404  410
/people/sandeep-singhal/	/404  410
/people/scott-carter/	/people/
/people/shauna-xie/	/404  410
/people/skee-zhang/	/404  410
/people/steven-ji/	http://www.sequoiacap.cn/en/member_18.html
/people/sumir-chadha/	/404  410
/people/surendra-jain/	/404  410
/people/thomas-stephenson/	/people/
/people/xing-liu/	http://www.sequoiacap.cn/en/member_28.html
/people/yao-sun/	/404  410
/people/yuval-baharav/	/404  410
/perspective/articles/google_banker.html	/build/
/perspective/articles/they_would_be_gods.html	/build/
/portfolio.asp	/companies/
/process/stepone_clarity.asp	/404  410
/process/stepone_dna.asp	/404  410
/process/stepone_frugality.asp	/404  410
/process/stepone_inferno.asp	/404  410
/process/stepone_market.asp	/404  410
/process/stepone_need.asp	/404  410
/process/stepone.asp	/404  410
/process/stepthree_howtoformat.asp	/404  410
/process/steptwo_initial.asp	/404  410
/roelof-botha	/people/roelof-botha
/scge/energy	/404  410
/scge/financial	/404  410
/scge/healthcare	/404  410
/scge/internet	/404  410
/scge/legal
/scge/mobile	/404  410
/scge/team/growth	/404  410
/scge/team/investment/jeff-wang/info	/people/jeff-wang/
/scge/team/services	/404  410
/scge/team/venture	/404  410
/scge/technology	/404  410
/scge/technology/	/404  410
/scisrael.asp	/404  410
/scpartner.asp	/404  410
/scportcompany.asp	/404  410
/scportcompanyall.asp	/404  410
/sequoia-capital	/
/sequoia-capital/	/
/sequoia/investments/healthcareport.htm	/companies/
/sequoia/team/team_brussell.htm	/people/
/sequoia/team/team_dvalentine.htm	/people/don-valentine/
/sequoia/team/team_mdunn.htm	/people/melinda-dunn/
/sequoia/team/team_mmoritz.htm	/people/michael-moritz/
/sequoia/team/team_mstevens.htm	/people/
/sequoia/team/team_sgandhi.htm	/people/
/slideshow/apple/info	/companies/apple/
/slideshow/inkling/info	/companies/
/slideshow/inkling/milestones	/
/startatastartup	/build/
/Stealth7	/companies/
/tabs/samantha-du	http://www.sequoiacap.cn/en/member_8.html
/team_moritz.htm	/people/michael-moritz/
/team/analyst	/people/
/team/investment	/people/
/team/services	/people/specialists/
/technology	/companies/
/us	/
/us/	/
/us/a123-systems	/
/us/about/dentmakers	/people/ethos/
/us/about/recipe	/people/ethos/
/us/abrizio	/companies/
/us/achates-power	/companies/
/us/achates-power/info	/companies/
/us/adbrite	/companies/
/us/alternative-energy	/companies/
/us/aricent-group	/companies/
/us/assurerx	/companies/assurex-health/
/us/avalanche	/companies/
/us/bubbly	/companies/
/us/c12-energy	/companies/
/us/centerrun	/companies/centerrun-software/
/us/chris-olsen	/people/
/us/chris-olsen/	/people/
/us/clutch-mobile	/companies/
/us/color	/companies/
/us/color/info	/companies/
/us/colour	/companies/
/us/contact	/contact/menlo-park/
/us/cue	/companies/
/us/david-spector	/people/
/us/david-velez	/people/
/us/despegar	/404  410
/us/douglas-leone	/people/doug-leone/
/us/douglas-leone/*	/people/doug-leone/
/us/early	/people/
/us/eharmony/info	/companies/
/us/energy	/companies/
/us/energy/	/companies/
/us/financial	/companies/
/us/flite	/404  410
/us/gaurav-garg	/people/
/us/geoapi	/companies/
/us/gracenote/mobile	/companies/
/us/greg-mcadoo	/people/
/us/greplin	/companies/
/us/healthcare	/companies/
/us/healthcare-quality-catalyst	/companies/
/us/healthcare/	/companies/
/us/home/flextronics/*	/companies/flextronics/
/us/ideas	/build/
/us/ita-software	/companies/
/us/jake-anderson	/people/
/us/karma	/companies/
/us/legal	/legal/
/us/linear	/companies/linear-technology/
/us/loopt	/companies/
/us/loopt/*	/companies/
/us/luis-robles	/people/
/us/luis-robles/*	/people/
/us/mahalo	/companies/
/us/mark-dempster	/people/
/us/mark-dempster/info	/people/
/us/mark-kvamme	/people/
/us/mark-kvamme?opt=b	/people/
/us/mark-stevens	/people/
/us/meebo/internet	/companies/
/us/merlin/info	/companies/merlin-securities/
/us/mickey-arabelovic	/people/
/us/mickey-arabelovic/*	/people/
/us/microchip	/companies/microchip-technology/
/us/mindsnacks	/companies/
/us/mobile	/companies/
/us/mojave-networks	/companies/
/us/news	/build/
/us/news/10gen-advances-mongodbs-lead-in-the-nosql-market-adding-sequoia-capital-as-new-investment-partner	/build/
/us/news/airbnb-announces-new-product-advancements-and-72m-in-series-a-funding-to-accelerate-global-growth	/build/
/us/news/appirio-secures-10-million-in-series-c-funding	/build/
/us/news/color-raises-41-million-to-deliver-sharing-in-a-post-pc-world	/build/
/us/news/evernote-secures-20-million-series-c-financing-round-led-by-sequoia-capital	/build/
/us/news/google-and-ita-software-sign-acquisition-agreement	/build/
/us/news/google-receives-25-million-in-equity-funding	/build/
/us/news/iac-acquires-a-minority-stake-in-the-healthcentral-network	/build/
/us/news/marketlive-secures-20-million-in-new-capital	/build/
/us/news/mellmo-secures-30m-funding-led-by-sequoia-capital	/build/
/us/news/rackspace-prices-initial-public-offering	/build/
/us/news/sequoia-bets-37-million-on-stella-dot-a-next-gen-mary-kay	/build/
/us/news/smart-grid-leader-emeter-secures-125-million-in-latest-round-of-funding	/build/
/us/news/twitter-co-founders-square-raises-275-million	/build/
/us/news/virident-closes-series-c-funding-of-21m-with-investments-from-data-center-industry-leaders	/build/
/us/outsourcing	/companies/
/us/patrick-grady	/people/pat-grady/
/us/patrick-grady/	/people/pat-grady/
/us/plangrid	/companies/plangrid/
/us/plaxo	/companies/
/us/powerfile	/companies/
/us/public	/companies/
/us/pure-digital	/companies/
/us/roambi	/companies/roambi/
/us/ruckus-wireless	/companies/ruckus-wireless/
/us/santur	/companies/
/us/sc_site	/companies/
/us/scott-carter	/people/
/us/security-scorecard	/companies/securityscorecard/
/us/seed	/companies/
/us/sencha	/companies/sencha/
/us/silicon-valley-biosystems	/companies/
/us/skyhigh-networks	/companies/skyhigh-networks/
/us/songkick	/companies/
/us/sourcefire/info	/companies/sourcefire/
/us/springpath	/companies/springpath/
/us/startatastartup	/build/
/us/strava	/companies/strava/
/us/stripe	/companies/stripe/
/us/strongview	/companies/
/us/sumo-logic	/companies/sumo-logic/
/us/suppliermarket	/companies/
/us/svbio	/companies/
/us/team/all	/people/
/us/team/growth/michael-moritz/info	/people/michael-moritz/
/us/team/venture/kiwi/info	/people/
/us/technology/saas	/companies/
/us/technology/the-melt/info	/companies/the-melt/
/us/telcare	/companies/telcare/
/us/thanx	/companies/thanx/
/us/thousandeyes	/companies/thousandeyes/
/us/thumbtack	/companies/thumbtack/
/us/timothy-lee	/people/
/us/timothy-lee/	/people/
/us/timothy-lee/info	/people/
/us/today	/companies/
/us/todd-cozzens/info	/people/
/us/trippy	/companies/
/us/trulia	/companies/
/us/tunein	/companies/
/us/tutorspree	/companies/
/us/varagesale	/companies/
/us/venture-capital/	/companies/
/us/versa-networks	/companies/
/us/viptela	/companies/
/us/virident-systems	/companies/
/us/vulcun	/companies/
/us/warren-hogarth	/people/
/us/warren-hogarth/info	/people/
/us/weebly	/companies/
/us/weebly/info	/companies/
/us/weebly/internet	/companies/
/us/whatsapp	/companies/
/us/whatsapp/info	/companies/
/us/william-coughran	/people/bill-coughran/
/us/yahoo/info	/companies/
/us/yesterday	/companies/
/us/yik-yak	/companies/
/us/youtube	/companies/
/us/youtube/info	/companies/
/us/zappos	/companies/
/us/zappos-com	/companies/
http://israel.sequoiacap.com/us/donald-valentine
http://israel.sequoiacap.com/us/donald-valentine
http://israel.sequoiacap.com/us/michael-moritz
http://israel.sequoiacap.com/us/michael-moritz
http://jobs.sequoiacap.com/sendfriend.php	http://jobs.sequoiacap.com/
http://sequoiacap.com/in	/india/
http://sequoiacap.com/process/steptwo_initial.asp	/404  410
http://w2000ww.sequoiacap.com/us/technology	/companies/
http://w2000ww.sequoiacap.com/us/technology	/companies/
/assets/slideshow/practo-hero-c8da6071980d06c56b9910cb58e2ec36.jpg	/
/assets/slideshow/sunrun-hero-e334c66df362e80bbb46d2207a75513e.jpg	/
/assets/slideshow/truecaller-hero-37873b31f5ede1fae2ad01d8eee641c4.jpg	/
/assets/slideshow/yahoo-hero-7ff892205bdf8ea912a0ff1c97aa6430.jpg	/
/assets/slideshow/zomato-hero-288f9ef56e7602d7fad75181ea7c56e8.jpg	/
/grove/posts/akzj/trial-week-our-hiring-secret”	/article/trial-week-our-hiring-secret/
/grove/posts/b3pp/get-more-from-your-engineering-team	/article/more-productive-eng-teams/
/grove/posts/bcsb-why-price-matters	/article/why-price-matters/
/grove/posts/kpaa/the-certainty-paradox	/build/
/grove/posts/yfu7/five-tips-for-technical-co-founders	/article/five-tips-for-technical-co-founders/
/grove/product	/build/
/grove/product/iteration	/build/
/grove/product/product-market-fit	/build/
/grove/revenue	/build/
/grove/revenue/go-to-market	/build/
/grove/revenue/pricing	/build/
/grove/scale	/build/
/grove/scale/disrupting-yourself	/article/disrupting-yourself
/grove/scale/managing-growth	/build/
/grove/scale/sales-marketing	/article/srp/
/grove/scale/to-sell-or-not	/article/how-not-sell-your-company/
/grove/search	/build/
/grove/starting	/build/
/grove/starting/business-plan	/article/writing-a-business-plan/
/grove/starting/customer-exerience	/article/visualizing-customer-experience/
/grove/starting/founding	/build/
/grove/starting/fundraising	/build/
/grove/starting/legal	/build/
/grove/subscribe	/build/
/grove/team	/build/
/grove/team/board	/build/
/grove/team/CEO-development	/build/
/grove/team/culture	/build/
/grove/team/hiring	/build/
/grove/team/product-team	/build/
/i	/404  410
/india/about/dentmakers	/india/people/ethos/
/india/consumer	/india/companies/
/india/contact	/india/contact/bengaluru/
/india/energy	/india/companies/
/india/financial	/india/companies/
/india/healthcare	/india/companies/
/india/home/tokopedia/*	/india/companies/tokopedia/
/india/home/wildcraft/*	/india/companies/wildcraft/
/india/outsourcing	/india/companies/
/india/team/analyst	/india/people/investment-analysts/
/india/team/investment	/india/people/
/india/team/investment/yinglan-tan/info	/india/people/yinglan-tan/
/india/team/services	/india/people/portfolio-services/
/india/team/venture	/india/people/
/india/technology	/india/companies/
/israel/about/dentmakers	/israel/people/ethos/
/israel/contact	/israel/contact/tel-aviv/
/israel/internet	/israel/companies/
/israel/mobile	/israel/companies/
/israel/team/venture	/israel/people/
/israel/technology	/israel/companies/
/scge/energy	/404  410
/scge/financial	/404  410
/scge/healthcare	/404  410
/scge/internet	/404  410
/scge/legal
/scge/mobile	/404  410
/scge/team/growth	/404  410
/scge/team/services	/404  410
/scge/team/venture	/404  410
/scge/technology	/404  410
/scge/technology/	/404  410
/us/about/dark_time	/people/ethos/
/us/about/modus_operandi	/people/ethos/
/us/contact	/contact/menlo-park/
/us/douglas-leone/info	/people/doug-leone
/us/e-loan/financial	/companies/
/us/energy	/companies/
/us/financial	/companies/
/us/healthcare	/companies/
/us/legal	/legal/
/us/mobile	/companies/
/us/oxford-health-plans/healthcare	/companies/
/us/plaxo/internet	/companies/
/us/public	/companies/
/us/team/services	/people/specialists/
/us/thousandeyes/info	/companies/thousandeyes
/us/yahoo/info	/companies/yahoo
/us/yesterday	/people/ethos/
/scpartner.asp?pid=4 /people/michael-moritz/
/scpartner.asp?pid=19&pdid=70 /people/
/us/abrizio /companies/
/us/achates-power /companies/
/us/achates-power/info /companies/
/us/avalanche /companies/
/us/bubbly /companies/
/us/c12-energy /companies/
/us/cue /companies/
/us/eharmony/info /companies/
/us/geoapi /companies/
/us/karma /companies/
/us/loopt /companies/
/us/loopt/* /companies/
/us/oxford-health-plans/healthcare /companies/
/m/us/about/dentmakers /people/ethos/
/us/despegar /companies/
/us/flite /companies/
/us/gracenote/mobile /companies/
/us/mojave-networks /companies/
/people/michael-goguen/	/404  410
http://www.sequoiaheritage.com https://www.sequoiacap.com/heritage 301!
http://www.sequoiaheritage.com/* https://www.sequoiacap.com/heritage 301!
https://www.sequoiaheritage.com https://www.sequoiacap.com/heritage 301!
https://www.sequoiaheritage.com/* https://www.sequoiacap.com/heritage 301!
http://sequoiaheritage.com/* https://www.sequoiacap.com/heritage 301!
https://sequoiaheritage.com/* https://www.sequoiacap.com/heritage 301!
http://www.sequoiaheritage.com/* https://www.sequoiacap.com/heritage 301!
https://www.sequoiaheritage.com/* https://www.sequoiacap.com/heritage 301!

# ADD REDIRCT URLS ABOVE THIS LINE
/china/article/new-awards-forbes/ /china/article/awards-forbes/
/china/article/old-awards/ /china/article/awards-forbes/
/china/en/article/new-awards-forbes/ /china/en/article/awards-forbes/
/china/en/article/old-awards/ /china/en/article/awards-forbes/
/israel/article/new-awards-forbes/ /israel/article/awards-forbes/
/israel/article/old-awards/ /israel/article/awards-forbes/
/article/new-awards-forbes/ /article/awards-forbes/
/article/old-awards/ /article/awards-forbes/
/india/article/new-awards-forbes/ /india/article/awards-forbes/
/india/article/old-awards/ /india/article/awards-forbes/


/ /israel/ 302 Country=il
/ /china/en/ 302 Country=cn Language=en
/ /china/ 302 Country=cn
/ /india/ 302 Country=in

/israel/* /israel/404/ 404
/china/en/* /china/en/404/ 404
/china/* /china/404/ 404
/india/* /india/404/ 404
/* /404/ 404
